line_cd,company_cd,line_name,line_name_k,line_name_h,line_color_c,line_color_t,line_type,lon,lat,zoom,e_status,e_sort
1001,3,주오 신칸센,주오 신칸센,주오 신칸센,,,,137.4938965,35.41143805,8,1,1001
1002,3,도카이도 신칸센,도카이도 신칸센,도카이도 신칸센,,,,137.7214887,35.14412194,7,0,1002
1003,4,산요 신칸센,산요 신칸센,산요 신칸센,,,,133.1478961,34.4193377,7,0,1003
1004,2,도호쿠 신칸센,도호쿠 신칸센,도호쿠 신칸센,,,,140.7631922,38.27426694,7,0,1004
1005,2,죠에츠 신칸센,죠에츠 신칸센,죠에츠 신칸센,,,,139.121488,36.79856473,8,0,1005
1006,2,죠에츠 신칸센 (가라 유자와 지선),죠에츠 신칸센,죠에츠 신칸센 (가라 유자와 지선),,,,138.8032504,36.94288211,14,0,1006
1007,2,야마가타 신칸센,야마가타 신칸센,야마가타 신칸센,,,,140.1684778,37.58820881,8,0,1007
1008,2,아키타 신칸센,아키타 신칸센,아키타 신칸센,,,,140.3622538,37.75728895,7,0,1008
1009,2,호쿠리쿠 신칸센,호쿠리쿠 신칸센,호쿠리쿠 신칸센,,,,138.0356977,36.18598137,8,0,1009
1010,6,규슈 신칸센,규슈 신칸센,규슈 신칸센,,,,130.5768238,32.79428002,8,0,1010
11101,1,JR 하코다테 혼 센 (하코다테 ~ 오샤만베),JR 하코다테 혼 센,JR 하코다테 혼 센 (하코다테 ~ 오샤만베),,,,140.4833697,42.23981411,9,0,11101
11102,1,JR 하코다테 혼 센 (오샤만베 ~ 오타루),JR 하코다테 혼 센,JR 하코다테 혼 센 (오샤만베 ~ 오타루),,,,140.6428878,42.91991023,9,0,11102
11103,1,JR 하코다테 본선 (오타루 ~ 아사히카와),JR 하코다테 본선,JR 하코다테 본선 (오타루 ~ 아사히카와),,,,141.6979108,43.4150974,9,0,11103
11104,1,JR 무로란 혼 센 (오샤만베 · 무로 란 ~ 토마코마이),JR 무로란 혼 센,JR 무로란 혼 센 (오샤만베 · 무로 란 ~ 토마코마이),,,,141.0063937,42.57071674,9,0,11104
11105,1,JR 무로란 본선 (도마코마이 ~ 이와미자와),JR 무로란 본선,JR 무로란 본선 (도마코마이 ~ 이와미자와),,,,141.7444991,42.93841714,10,0,11105
11106,1,JR 네무로 본선 (타키가와 ~ 신토쿠),JR 네무로 본선,JR 네무로 본선 (타키가와 ~ 신토쿠),,,,142.3355332,43.35975106,10,0,11106
11107,1,JR 네무로 본선 (신토쿠 - 쿠시로),JR 네무로 본선,JR 네무로 본선 (신토쿠 - 쿠시로),,,,143.5647441,42.9656747,9,0,11107
11108,1,하나사끼 선,하나사끼 선,하나사끼 선,,,,145.0642882,43.12755462,9,0,11108
11109,1,JR 치토세 선,JR 치토세 선,JR 치토세 선,,,,141.5675688,42.88585087,10,0,11109
11110,1,JR 세끼쇼 선,JR 세끼쇼 선,JR 세끼쇼 선,,,,142.1208103,42.97760967,9,0,11110
11111,1,JR 히다카 본선,JR 히다카 본선,JR 히다카 본선,,,,142.1892281,42.43948998,9,0,11111
11112,1,JR 사쇼선,JR 사쇼선,JR 사쇼선,,,,141.6575101,43.33044878,10,0,11112
11113,1,JR 루모이 본선,JR 루모이 본선,JR 루모이 본선,,,,141.763792,43.84733117,10,0,11113
11114,1,JR 후라노 선,JR 후라노 선,JR 후라노 선,,,,142.4293334,43.60983839,10,0,11114
11115,1,JR 네무로 본선,JR 네무로 본선,JR 네무로 본선,,,,142.225614,44.6587297,8,0,11115
11116,1,JR 세끼호꾸 본선,JR 세끼호꾸 본선,JR 세끼호꾸 본선,,,,143.3629461,43.9613877,8,0,11116
11117,1,JR 센모 본선,JR 센모 본선,JR 센모 본선,,,,144.4337656,43.52373901,9,0,11117
11118,1,JR 카이쿄 선,JR 카이쿄 선,JR 카이쿄 선,,,,140.329047,41.36657457,9,0,11118
11119,1,JR 에사시 선,JR 에사시 선,JR 에사시 선,,,,140.4168208,41.7753819,10,0,11119
11201,2,JR 도호쿠 본선 (하치노헤 ~ 아오모리),JR 도호쿠 본선,JR 도호쿠 본선 (하치노헤 ~ 아오모리),,,,141.1472278,40.69791852,10,2,11201
11202,2,JR 오우우 본선 (신 죠 ~ 아오모리),JR 오우우 본선,JR 오우우 본선 (신 죠 ~ 아오모리),,,,140.4427173,39.92227066,8,0,11202
11231,2,JR 도호쿠 본선 (쿠로이 소-리 후 ・ 모리오카),JR 도호쿠 본선,JR 도호쿠 본선 (쿠로이 소-리 후 ・ 모리오카),,,,140.8981249,38.46142404,8,0,11202
11203,2,하나마스 베이라인 오오미나토 선,하나마스 베이라인 오오미나토 선,하나마스 베이라인 오오미나토 선,,,,141.2341889,41.07704833,10,0,11203
11204,2,JR고노 선,JR고노 선,JR고노 선,,,,140.1536,40.62248824,9,0,11204
11205,2,JR 쓰가루 선,JR 쓰가루 선,JR 쓰가루 선,,,,140.6379643,40.99724898,10,0,11205
11206,2,JR 하치노헤 선,JR 하치노헤 선,JR 하치노헤 선,,,,141.7019344,40.40264308,10,0,11206
11207,2,JR 이와이즈미선,JR 이와이즈미선,JR 이와이즈미선,,,,141.7110907,39.75256666,11,2,11207
11208,2,드래곤 레일 오후나토 선,드래곤 레일 오후나토 선,드래곤 레일 오후나토 선,,,,141.4724298,38.96164069,10,0,11208
11209,2,은하 드림라인 가마이시 선,은하 드림라인 가마이시 선,은하 드림라인 가마이시 선,,,,141.5279124,39.32636455,10,0,11209
11210,2,JR 키타카미 선,JR 키타카미 선,JR 키타카미 선,,,,140.8466239,39.30471879,10,0,11210
11211,2,JR 다자와 선,JR 다자와 선,JR 다자와 선,,,,140.7685672,39.6934485,10,0,11211
11212,2,토와다하치만 타이시키사이 선,토와다하치만 타이시키사이 선,토와다하치만 타이시키사이 선,,,,140.8453488,40.13373143,10,0,11212
11213,2,JR 야마다 선,JR 야마다 선,JR 야마다 선,,,,141.6667874,39.59692922,9,0,11213
11214,2,JR 우에쓰 혼선,JR 우에쓰 혼선,JR 우에쓰 혼선,,,,139.7617803,38.73294117,8,0,11214
11215,2,JR 오가 선,JR 오가 선,JR 오가 선,,,,139.958679,39.89239988,11,0,11215
11216,2,야마가타 선,야마가타 선,야마가타 선,,,,140.2833537,38.30771536,9,0,11216
11217,2,JR 센잔 선,JR 센잔 선,JR 센잔 선,,,,140.5996186,38.31470035,10,0,11217
11218,2,후르츠라인 아테라자와 선,후르츠라인 아테라자와 선,후르츠라인 아테라자와 선,,,,140.2808095,38.33565073,12,0,11218
11219,2,JR 요네사카 선,JR 요네사카 선,JR 요네사카 선,,,,139.7703569,38.04498397,10,0,11219
11220,2,오꾸노 호소미찌 가미가와 선,오꾸노 호소미찌 가미가와 선,오꾸노 호소미찌 가미가와 선,,,,140.0961846,38.75534124,10,0,11220
11221,2,오꾸노 호소미찌 유케무리 라인,오꾸노 호소미찌 유케무리 라인,오꾸노 호소미찌 유케무리 라인,,,,140.6813043,38.73003972,10,0,11221
11222,2,JR 센세끼 선,JR 센세끼 선,JR 센세끼 선,,,,141.0726418,38.36634216,11,0,11222
11223,2,JR 이시노마키 선,JR 이시노마키 선,JR 이시노마키 선,,,,141.2522992,38.48686849,11,0,11223
11224,2,JR 게센누마 선,JR 게센누마 선,JR 게센누마 선,,,,141.4644576,38.69617975,10,0,11224
11225,2,JR 반에쓰사이 선 (코오리야마 ~ 아이즈와까마쓰),JR 반에쓰사이 선,JR 반에쓰사이 선 (코오리야마 ~ 아이즈와까마쓰),,,,140.1307905,37.51773393,10,0,11225
11226,2,모리토 미즈토 로만 철도,모리토 미즈토 로만 철도,모리토 미즈토 로만 철도,,,,139.4792494,37.68623246,9,0,11226
11227,2,JR 타다미 선,JR 타다미 선,JR 타다미 선,,,,139.4478074,37.39176462,9,0,11227
11228,2,유유 아부쿠마 라인,유유 아부쿠마 라인,유유 아부쿠마 라인,,,,140.6426123,37.26977724,10,0,11228
11229,2,JR 죠반선 (토리데 ~ 이와키),JR 죠반선,JR 죠반선 (토리데 ~ 이와키),,,,140.5188744,36.51900406,9,0,11229
11230,2,JR 죠반선 (이와키 ~ 센다이),JR 죠반선,JR 죠반선 (이와키 ~ 센다이),,,,140.9334199,37.66155605,9,0,11230
11301,2,JR 도카이도 본선 (도쿄 ~ 아타미),JR 도카이도 본선,JR 도카이도 본선 (도쿄 ~ 아타미),,,,139.4302441,35.39507962,10,0,11301
11302,2,JR 야마노테 선,JR 야마노테 선,JR 야마노테 선,,,,139.7352228,35.69302731,12,0,11302
11303,2,JR 난부 선,JR 난부 선,JR 난부 선,,,,139.5621831,35.62126802,11,0,11303
11304,2,JR 츠루미 선,JR 츠루미 선,JR 츠루미 선,,,,139.6973422,35.50322702,13,0,11304
11305,2,JR 무사시노 선,JR 무사시노 선,JR 무사시노 선,,,,139.7051131,35.80257708,10,0,11305
11306,2,JR 요코하마 선,JR 요코하마 선,JR 요코하마 선,,,,139.4711185,35.56100411,11,0,11306
11307,2,JR 네기시 선,JR 네기시 선,JR 네기시 선,,,,139.5986788,35.41484559,12,0,11307
11308,2,JR 요코스카 선,JR 요코스카 선,JR 요코스카 선,,,,139.6476186,35.48340539,10,0,11308
11309,2,JR 사가미 선,JR 사가미 선,JR 사가미 선,,,,139.3678017,35.48317493,11,0,11309
11311,2,JR 주오 본선 (도쿄-시오지리),JR 주오 본선,JR 주오 본선 (도쿄-시오지리),,,,138.617358,35.77036734,9,0,11311
11312,2,JR 주오 선 (쾌속),JR 주오 선,JR 주오 선 (쾌속),,,,139.5379885,35.70017042,10,0,11312
11313,2,JR 추오ㆍ소부 선,JR 추오ㆍ소부 선,JR 추오ㆍ소부 선,,,,139.8371552,35.70164136,10,0,11313
11314,2,JR 소부 본선,JR 소부 본선,JR 소부 본선,,,,140.2546612,35.68790263,9,0,11314
11315,2,JR 오메 선,JR 오메 선,JR 오메 선,,,,139.2400414,35.78257265,11,0,11315
11316,2,JR 이쓰카이치 선,JR 이쓰카이치 선,JR 이쓰카이치 선,,,,139.2916574,35.72583044,12,0,11316
11317,2,JR 하치코 선 (하치오지 ~ 고마가와),JR 하치코 선,JR 하치코 선 (하치오지 ~ 고마가와),,,,139.3329938,35.78050242,11,0,11317
11318,2,JR 하치코 선 (고마가와 ~ 다카사키),JR 하치코 선,JR 하치코 선 (고마가와 ~ 다카사키),,,,139.1796533,36.12104162,10,0,11318
11319,2,우쓰노미야 선,우쓰노미야 선,우쓰노미야 선,,,,139.846403,36.37943924,9,0,11319
11320,2,JR 죠반선 (우에노 ~ 핸들),JR 죠반선,JR 죠반선 (우에노 ~ 핸들),,,,139.9238125,35.81971933,11,0,11320
11321,2,JR 사이쿄 선,JR 사이쿄 선,JR 사이쿄 선,,,,139.6182015,35.80319582,11,0,11321
11322,2,JR 가와고에 선,JR 가와고에 선,JR 가와고에 선,,,,139.4693426,35.90961046,11,0,11322
11323,2,JR 다카사키 선,JR 다카사키 선,JR 다카사키 선,,,,139.4521807,36.09573564,9,0,11323
11324,2,JR 소토보우 선,JR 소토보우 선,JR 소토보우 선,,,,140.2798303,35.34873907,10,0,11324
11325,2,JR 우치보우 선,JR 우치보우 선,JR 우치보우 선,,,,139.9480808,35.29328827,9,0,11325
11326,2,JR 게이요 선,JR 게이요 선,JR 게이요 선,,,,139.93611,35.64364962,11,0,11326
11327,2,JR 나리타 선,JR 나리타 선,JR 나리타 선,,,,140.3723884,35.86276466,10,0,11327
11328,2,JR 나리타 익스프레스,JR 나리타 익스프레스,JR 나리타 익스프레스,,,,139.7571982,35.69212092,9,0,11328
11329,2,JR 가시마 선,JR 가시마 선,JR 가시마 선,,,,140.5646973,35.94268442,12,0,11329
11330,2,JR 쿠루리 선,JR 쿠루리 선,JR 쿠루리 선,,,,140.0464997,35.3506777,11,0,11330
11331,2,JR 토우가네 선,JR 토우가네 선,JR 토우가네 선,,,,140.3680586,35.56232866,12,0,11331
11332,2,JR 게이힌 도호쿠 선,JR 게이힌 도호쿠 선,JR 게이힌 도호쿠 선,,,,139.6425121,35.63929556,10,0,11332
11333,2,JR 쇼난 신주쿠 선,JR 쇼난 신주쿠 선,JR 쇼난 신주쿠 선,,,,139.6229437,35.65739974,10,0,11333
11343,2,우에노 도쿄 선,우에노 도쿄 선,우에노 도쿄 선,,,,139.7721004,35.69745581,14,0,11333
11334,2,JR 카라스야마 선,JR 카라스야마 선,JR 카라스야마 선,,,,140.0649785,36.65874003,12,0,11334
11335,2,JR 아즈마 선,JR 아즈마 선,JR 아즈마 선,,,,138.7913036,36.55204126,10,0,11335
11337,2,JR 신에쓰 본선,JR 신에쓰 본선,JR 신에쓰 본선,,,,138.8807751,36.33038234,11,0,11337
11338,2,JR 스이군 선,JR 스이군 선,JR 스이군 선,,,,140.4621536,36.92204743,9,0,11338
11339,2,JR 미토 선,JR 미토 선,JR 미토 선,,,,140.0513207,36.33356509,10,0,11339
11340,2,JR 닛코 선,JR 닛코 선,JR 닛코 선,,,,139.7529407,36.63614345,11,0,11340
11341,2,JR 료모 선,JR 료모 선,JR 료모 선,,,,139.38788,36.35677395,10,0,11341
11342,2,JR 죠에츠 선,JR 죠에츠 선,JR 죠에츠 선,,,,138.8924192,36.9153866,9,0,11342
11401,2,야쓰가타케 고원 라인,야쓰가타케 고원 라인,야쓰가타케 고원 라인,,,,138.4394812,36.09169709,10,0,11401
11402,3,JR 미노부 선,JR 미노부 선,JR 미노부 선,,,,138.532397,35.39216324,10,0,11402
11403,2,JR 신에쓰 본선 (시노노이 ~ 나가노),JR 신에쓰 본선,JR 신에쓰 본선 (시노노이 ~ 나가노),,,,138.1598163,36.60859597,12,0,11403
11404,2,JR 신에쓰 본선 (나오에쓰 ~ 니이가타),JR 신에쓰 본선,JR 신에쓰 본선 (나오에쓰 ~ 니이가타),,,,138.7595452,37.51108174,9,0,11404
11405,4,JR 호쿠리쿠 본선 (도야마 ~ 나오에쓰),JR 호쿠리쿠 본선,JR 호쿠리쿠 본선 (도야마 ~ 나오에쓰),,,,137.7185006,37.01500893,9,2,11405
11406,2,JR 하꾸신 선,JR 하꾸신 선,JR 하꾸신 선,,,,139.1904713,37.92400721,11,0,11406
11407,2,JR 이이야마 선,JR 이이야마 선,JR 이이야마 선,,,,138.5417323,36.98446011,10,0,11407
11408,2,JR 에치고 선,JR 에치고 선,JR 에치고 선,,,,138.8340003,37.62674857,10,0,11408
11409,2,키타 알프스 선,키타 알프스 선,키타 알프스 선,,,,137.8735087,36.67612787,9,0,11409
11410,2,JR 야히코 선,JR 야히코 선,JR 야히코 선,,,,138.9044353,37.67331836,12,0,11410
11411,3,JR 주오 본선 (나고야-시오지리),JR 주오 본선,JR 주오 본선 (나고야-시오지리),,,,137.468492,35.6624711,9,0,11411
11412,2,JR 시노노이 선,JR 시노노이 선,JR 시노노이 선,,,,138.0172774,36.38422475,10,0,11412
11413,3,JR 이이다 선 (도요하시- 텐류쿄),JR 이이다 선,JR 이이다 선 (도요하시- 텐류쿄),,,,137.6689494,35.12564791,10,0,11413
11414,3,JR 이이다 선 (텐류쿄-타츠노),JR 이이다 선,JR 이이다 선 (텐류쿄-타츠노),,,,137.8986353,35.75990218,10,0,11414
11415,4,JR 호쿠리쿠 본선 (요네하라 ~ 가나자와),JR 호쿠리쿠 본선,JR 호쿠리쿠 본선 (요네하라 ~ 가나자와),,,,136.4425104,36.33393306,8,0,11415
11416,3,JR 다카야마 본선,JR 다카야마 본선,JR 다카야마 본선,,,,137.1437387,36.03506978,9,0,11416
11417,4,JR 죠하나 선,JR 죠하나 선,JR 죠하나 선,,,,136.9630801,36.64686113,11,0,11417
11418,4,JR 히미 선,JR 히미 선,JR 히미 선,,,,137.016787,36.80602651,12,0,11418
11419,4,JR 나나오 선,JR 나나오 선,JR 나나오 선,,,,136.7916271,36.8807224,10,0,11419
11420,4,쓰루가항 선,쓰루가항 선,쓰루가항 선,,,,136.0755333,35.65634921,14,2,11420
11421,4,쿠즈류 선,쿠즈류 선,쿠즈류 선,,,,136.4413114,35.99858409,10,0,11421
11422,4,JR 오바마 선,JR 오바마 선,JR 오바마 선,,,,135.7418184,35.53015548,10,0,11422
11501,3,JR 도카이도 본선 (아타미 ~ 하마마쓰),JR 도카이도 본선,JR 도카이도 본선 (아타미 ~ 하마마쓰),,,,138.3888098,34.94909732,9,0,11501
11502,3,JR 도카이도 본선 (하마마쓰 ~ 기후),JR 도카이도 본선,JR 도카이도 본선 (하마마쓰 ~ 기후),,,,137.129185,35.04642183,9,0,11502
11503,3,JR 도카이도 본선 (기후 ~ 미노아카사카 ·요네하라),JR 도카이도 본선,JR 도카이도 본선 (기후 ~ 미노아카사카 ·요네하라),,,,136.5281548,35.36362897,10,0,11503
11504,2,JR 이토 선,JR 이토 선,JR 이토 선,,,,139.0696551,35.04759233,12,0,11504
11505,3,JR 고텐바 선,JR 고텐바 선,JR 고텐바 선,,,,139.0331425,35.22246077,11,0,11505
11506,3,JR 다케토요 선,JR 다케토요 선,JR 다케토요 선,,,,136.9586884,34.93257927,12,0,11506
11507,3,JR 오오타 선,JR 오오타 선,JR 오오타 선,,,,137.0625923,35.39115836,12,0,11507
11508,3,JR 간사이 본선 (나고야-가메야마),JR 간사이 본선,JR 간사이 본선 (나고야-가메야마),,,,136.6393149,35.03333933,10,0,11508
11509,4,JR 간사이 본선 (가메야마-카모),JR 간사이 본선,JR 간사이 본선 (가메야마-카모),,,,136.1749894,34.80143442,10,0,11509
11510,3,JR 키세이 본선,JR 키세이 본선,JR 키세이 본선,,,,136.2872619,34.32154395,9,0,11510
11511,4,JR 쿠사쓰 선,JR 쿠사쓰 선,JR 쿠사쓰 선,,,,136.1045246,34.96458574,11,0,11511
11512,3,JR 산노미야 선,JR 산노미야 선,JR 산노미야 선,,,,136.6987801,34.495826,11,0,11512
11513,3,JR 세이한 선,JR 세이한 선,JR 세이한 선,,,,136.3881753,34.60028532,11,0,11513
11601,4,비와코 선,비와코 선,비와코 선,,,,136.0951369,35.11930883,10,0,11601
11602,4,교토 선,교토 선,교토 선,,,,135.6248139,34.85192446,11,0,11602
11603,4,JR 고베 선 (오사카-고베),JR 고베 선,JR 고베 선 (오사카-고베),,,,135.3347285,34.72876179,11,0,11603
11605,4,JR 고세이,JR 고세이,JR 고세이,,,,135.9648814,35.24644583,10,0,11605
11607,4,다이와 노선,다이와 노선,다이와 노선,,,,135.6774159,34.65043379,11,0,11607
11608,4,JR 고베 선 (고베 ~ 히메지),JR 고베 선,JR 고베 선 (고베 ~ 히메지),,,,134.9283387,34.71997139,10,0,11608
11609,4,JR 산요 본선 (히메지-오카야마),JR 산요 본선,JR 산요 본선 (히메지-오카야마),,,,134.2462107,34.81352156,10,0,11609
11610,4,JR 산요 본선 (오카야마 ~ 미하라),JR 산요 본선,JR 산요 본선 (오카야마 ~ 미하라),,,,133.5637577,34.5230414,10,0,11610
11611,4,JR 산요 본선 (미하라 ~ 이와쿠니),JR 산요 본선,JR 산요 본선 (미하라 ~ 이와쿠니),,,,132.5497997,34.3865014,10,0,11611
11612,4,JR 산요 본선 (이와쿠니 ~ 몬지),JR 산요 본선,JR 산요 본선 (이와쿠니 ~ 몬지),,,,131.6063428,34.07166445,9,0,11612
11613,4,JR 산요 본선 (효고 ~ 와다미사키),JR 산요 본선,JR 산요 본선 (효고 ~ 와다미사키),,,,135.167942,34.66577552,14,0,11613
11614,4,사가노 선,사가노 선,사가노 선,,,,135.6041557,35.05307104,11,0,11614
11615,4,JR 야마네 본선 (소노베 - 도요오카),JR 야마네 본선,JR 야마네 본선 (소노베 - 도요오카),,,,135.0886844,35.32609457,10,0,11615
11616,4,JR 야마네 본선 (도요오카 - 요나고),JR 야마네 본선,JR 야마네 본선 (도요오카 - 요나고),,,,134.0209022,35.5218286,9,0,11616
11617,4,갓켄토시 선,갓켄토시 선,갓켄토시 선,,,,135.6901646,34.7599984,11,0,11617
11618,4,나라 선,나라 선,나라 선,,,,135.7864342,34.83402323,11,0,11618
11622,4,JR 마이즈루 선,JR 마이즈루 선,JR 마이즈루 선,,,,135.2793138,35.36774424,11,0,11622
11623,4,오사카 순환 선,오사카 순환 선,오사카 순환 선,,,,135.5021892,34.68154143,13,0,11623
11624,4,JR 유메사키 선,JR 유메사키 선,JR 유메사키 선,,,,135.4474452,34.67404443,13,0,11624
11625,4,JR 도자이 선,JR 도자이 선,JR 도자이 선,,,,135.4729665,34.70792548,13,0,11625
11626,4,한와 선 (텐노지-와카야마),한와 선,한와 선 (텐노지-와카야마),,,,135.4011938,34.46154098,10,0,11626
11627,4,하고로모 선,하고로모 선,하고로모 선,,,,135.4495774,34.53405857,14,0,11627
11628,4,JR 간사이 공항선,JR 간사이 공항선,JR 간사이 공항선,,,,135.2888684,34.415185,12,0,11628
11629,4,JR 다카라즈카 선,JR 다카라즈카 선,JR 다카라즈카 선,,,,135.3444349,34.8698929,10,0,11629
11630,4,후쿠치야마 선 (시노야마구치 - 후쿠치야마),후쿠치야마 선,후쿠치야마 선 (시노야마구치 - 후쿠치야마),,,,135.105576,35.16077077,11,0,11630
11631,4,JR 아코 선,JR 아코 선,JR 아코 선,,,,134.1974932,34.74727448,10,0,11631
11632,4,JR 카고가와 선,JR 카고가와 선,JR 카고가와 선,,,,134.9525226,34.9370801,11,0,11632
11633,4,JR 키신 선 (히메지 ~ 사요),JR 키신 선,JR 키신 선 (히메지 ~ 사요),,,,134.5265431,34.9258616,11,0,11633
11634,4,JR 키신 선 (사요 ~ 니미),JR 키신 선,JR 키신 선 (사요 ~ 니미),,,,133.8805395,35.0502408,10,0,11634
11635,4,JR 반탄 선,JR 반탄 선,JR 반탄 선,,,,134.7640542,35.11319296,10,0,11635
11636,4,JR 와카야마 선,JR 와카야마 선,JR 와카야마 선,,,,135.5570816,34.36363683,10,0,11636
11637,4,만요 마호로 선,만요 마호로 선,만요 마호로 선,,,,135.8007123,34.58068955,12,0,11637
11639,4,키노쿠니 선,키노쿠니 선,키노쿠니 선,,,,135.4271755,33.83183628,9,0,11639
11640,4,키세 본선 (와카야마 ~ 와카야마시),키세 본선,키세 본선 (와카야마 ~ 와카야마시),,,,135.1783337,34.23803307,14,0,11640
11641,4,오사카 히가시 선,오사카 히가시 선,오사카 히가시 선,,,,135.5742715,34.65696791,13,0,11641
11701,4,JR 야마네 본선 (요나고 - 마스다),JR 야마네 본선,JR 야마네 본선 (요나고 - 마스다),,,,132.5610675,35.20731024,9,0,11701
11702,4,JR 야마네 본선 (마스다 - 시모노세키),JR 야마네 본선,JR 야마네 본선 (마스다 - 시모노세키),,,,131.2726666,34.35940661,9,0,11702
11703,4,JR 하쿠비 선,JR 하쿠비 선,JR 하쿠비 선,,,,133.495623,35.05328908,9,0,11703
11704,4,JR 인비 선,JR 인비 선,JR 인비 선,,,,134.1500156,35.26468997,10,0,11704
11705,4,JR 사카이 선,JR 사카이 선,JR 사카이 선,,,,133.2625398,35.48805798,12,0,11705
11706,4,JR 키스키 선,JR 키스키 선,JR 키스키 선,,,,133.0214796,35.19925146,11,0,11706
11707,4,JR 산코우 선,JR 산코우 선,JR 산코우 선,,,,132.5629828,34.94301166,10,0,11707
11708,4,JR 야마구치 선,JR 야마구치 선,JR 야마구치 선,,,,131.4734848,34.34664277,10,0,11708
11709,4,JR 우노 선,JR 우노 선,JR 우노 선,,,,133.9131994,34.57584113,12,0,11709
11710,4,세토 오오하시 선,세토 오오하시 선,세토 오오하시 선,,,,133.80944,34.45427589,11,0,11710
11713,4,JR 기비 선,JR 기비 선,JR 기비 선,,,,133.8272676,34.68115607,12,0,11713
11714,4,JR 게이비 선,JR 게이비 선,JR 게이비 선,,,,132.9216429,34.77393016,9,0,11714
11715,4,JR 쓰야마 선,JR 쓰야마 선,JR 쓰야마 선,,,,133.9227023,34.89119811,10,0,11715
11716,4,JR 쿠레 선,JR 쿠레 선,JR 쿠레 선,,,,132.7797393,34.38727696,10,0,11716
11717,4,JR 카베 선,JR 카베 선,JR 카베 선,,,,132.4778146,34.45822254,12,0,11717
11720,4,JR 후쿠엔 선,JR 후쿠엔 선,JR 후쿠엔 선,,,,133.1297841,34.63826629,10,0,11720
11721,4,JR 우베 선,JR 우베 선,JR 우베 선,,,,131.3026758,34.01935295,11,0,11721
11722,4,JR 미네 선,JR 미네 선,JR 미네 선,,,,131.1806931,34.23328102,11,0,11722
11723,4,JR 오노다 선,JR 오노다 선,JR 오노다 선,,,,131.1936861,33.97855545,12,0,11723
11724,4,JR 간토쿠 선,JR 간토쿠 선,JR 간토쿠 선,,,,132.0569761,34.09347763,11,0,11724
11801,5,JR 도산 선,JR 도산 선,JR 도산 선,,,,133.5702573,33.76640013,9,0,11801
11802,5,JR 고토쿠 선,JR 고토쿠 선,JR 고토쿠 선,,,,134.310584,34.24954113,10,0,11802
11803,5,요시노가와 블루 라인,요시노가와 블루 라인,요시노가와 블루 라인,,,,134.1518085,34.04872233,10,0,11803
11804,5,JR 무기 선,JR 무기 선,JR 무기 선,,,,134.5084229,33.83996475,10,0,11804
11805,5,JR 나루토 선,JR 나루토 선,JR 나루토 선,,,,134.5684284,34.16377798,13,0,11805
11806,5,JR 요산 선,JR 요산 선,JR 요산 선,,,,133.3626593,34.19299177,9,0,11806
11807,5,JR 요산/우치코 선,JR 요산/우치코 선,JR 요산/우치코 선,,,,132.5895168,33.55703537,10,0,11807
11808,5,시만토 그린 라인,시만토 그린 라인,시만토 그린 라인,,,,132.8223845,33.23287192,10,0,11808
11901,4,JR 하카타 미나미 선,JR 하카타 미나미 선,JR 하카타 미나미 선,,,,130.4288095,33.56485012,12,0,11901
11902,6,JR 가고시마 본선 (시모노세키 · 모지항 ~ 하카타),JR 가고시마 본선,JR 가고시마 본선 (시모노세키 · 모지항 ~ 하카타),,,,130.6285375,33.83670542,10,0,11902
11903,6,JR 가고시마 본선 (하카타 ~ 야쓰시로),JR 가고시마 본선,JR 가고시마 본선 (하카타 ~ 야쓰시로),,,,130.5063075,33.09244602,9,0,11903
11904,6,JR 가고시마 본선 (센다이 ~ 가고시마),JR 가고시마 본선,JR 가고시마 본선 (센다이 ~ 가고시마),,,,130.363502,31.65334826,10,0,11904
11905,6,JR 나가사키 본선 (도스 ~ 나가사키),JR 나가사키 본선,JR 나가사키 본선 (도스 ~ 나가사키),,,,130.1521506,33.12136017,10,0,11905
11906,6,JR 닛포 본선 (모지항 ~ 사에키),JR 닛포 본선,JR 닛포 본선 (모지항 ~ 사에키),,,,131.3035516,33.55493531,9,0,11906
11907,6,JR 닛포 본선 (사이키 ~ 가고시마주오),JR 닛포 본선,JR 닛포 본선 (사이키 ~ 가고시마주오),,,,131.447211,32.21697834,8,0,11907
11908,6,후쿠호쿠 유타카 선,후쿠호쿠 유타카 선,후쿠호쿠 유타카 선,,,,130.5327032,33.61990987,11,0,11908
11909,6,JR 지쿠히 선 (메이노하마 ∼ 니시카라쓰),JR 지쿠히 선,JR 지쿠히 선 (메이노하마 ∼ 니시카라쓰),,,,130.1294128,33.51164937,11,0,11909
11910,6,와카마츠 선,와카마츠 선,와카마츠 선,,,,130.7521278,33.88822023,12,0,11910
11911,6,후쿠호쿠 유타카 선(오리오 - 케이센),후쿠호쿠 유타카 선,후쿠호쿠 유타카 선(오리오 - 케이센),,,,130.7061142,33.73450091,11,0,11911
11912,6,하라다 선,하라다 선,하라다 선,,,,130.6091322,33.5241644,12,0,11912
11913,6,유후코겐 선,유후코겐 선,유후코겐 선,,,,131.0359949,33.2620623,9,0,11913
11914,6,JR 히타히코산 선,JR 히타히코산 선,JR 히타히코산 선,,,,130.8729992,33.5869026,10,0,11914
11915,6,JR 고토우지 선,JR 고토우지 선,JR 고토우지 선,,,,130.7431474,33.63894268,12,0,11915
11916,6,우미노나카미치 선,우미노나카미치 선,우미노나카미치 선,,,,130.4041931,33.67670942,12,0,11916
11917,6,JR 가시이 선 (가시이 ∼ 우미),JR 가시이 선,JR 가시이 선 (가시이 ∼ 우미),,,,130.4729008,33.61956046,12,0,11917
11918,6,JR 사세보 선,JR 사세보 선,JR 사세보 선,,,,129.9399703,33.18811566,11,0,11918
11920,6,JR 지쿠히선 (니시가라쓰 ~이마리),JR 지쿠히선,JR 지쿠히선 (니시가라쓰 ~이마리),,,,129.9397357,33.37129522,11,0,11920
11921,6,JR 가라쓰 선,JR 가라쓰 선,JR 가라쓰 선,,,,130.0774047,33.3354427,11,0,11921
11922,6,JR 오무라 선,JR 오무라 선,JR 오무라 선,,,,129.9214241,33.00169785,11,0,11922
11923,6,아소 코겐 선,아소 코겐 선,아소 코겐 선,,,,131.2621302,33.01712664,9,0,11923
11924,6,JR 산카쿠 선,JR 산카쿠 선,JR 산카쿠 선,,,,130.5892981,32.6914496,11,0,11924
11925,6,에비노코겐 선 (야쓰시로 ~ 요시마쓰),에비노코겐 선,에비노코겐 선 (야쓰시로 ~ 요시마쓰),,,,130.6833119,32.28699732,10,0,11925
11926,6,JR 히사쓰 선 (요시마쓰 ~ 하야토),JR 히사쓰 선,JR 히사쓰 선 (요시마쓰 ~ 하야토),,,,130.7067465,31.89098429,11,0,11926
11927,6,JR 미야자키 공항선,JR 미야자키 공항선,JR 미야자키 공항선,,,,131.4327623,31.89534315,13,0,11927
11928,6,JR 니치난 선,JR 니치난 선,JR 니치난 선,,,,131.3626539,31.68357655,10,0,11928
11929,6,에비노코겐 선,에비노코겐 선,에비노코겐 선,,,,130.9564017,31.91724391,10,0,11929
11930,6,JR 이부스키 마쿠라자키 선,JR 이부스키 마쿠라자키 선,JR 이부스키 마쿠라자키 선,,,,130.5034109,31.35999955,10,0,11930
21001,11,토부 토조 선,토부 토조 선,토부 토조 선,,,,139.4596379,35.92121867,10,0,21001
21002,11,토부 이세사키 선,토부 이세사키 선,토부 이세사키 선,,,,139.4993413,36.05676642,10,0,21002
21003,11,토부 닛코 선,토부 닛코 선,토부 닛코 선,,,,139.6911602,36.4457974,9,0,21003
21004,11,토부 노다 선,토부 노다 선,토부 노다 선,,,,139.8919126,35.88791322,10,0,21004
21005,11,토부 가메이도 선,토부 가메이도 선,토부 가메이도 선,,,,139.8243468,35.70795152,14,0,21005
21006,11,토부 다이시 선,토부 다이시 선,토부 다이시 선,,,,139.7853229,35.77906123,15,0,21006
21007,11,토부 오고세 선,토부 오고세 선,토부 오고세 선,,,,139.3426227,35.95321877,12,0,21007
21008,11,토부 우쓰노미야 선,토부 우쓰노미야 선,토부 우쓰노미야 선,,,,139.8178944,36.48379029,12,0,21008
21009,11,토부 기누가와 선,토부 기누가와 선,토부 기누가와 선,,,,139.7071736,36.79812975,12,0,21009
21010,11,토부 사노 선,토부 사노 선,토부 사노 선,,,,139.5680586,36.3288676,12,0,21010
21011,11,토부 기류 선,토부 기류 선,토부 기류 선,,,,139.3234126,36.36939671,12,0,21011
21012,11,토부 고이즈미 선,토부 고이즈미 선,토부 고이즈미 선,,,,139.450654,36.25658593,12,0,21012
22001,12,세이부 이케부쿠로 선,세이부 이케부쿠로 선,세이부 이케부쿠로 선,,,,139.4678929,35.79126174,10,0,22001
22002,12,세이부 지치부 선,세이부 지치부 선,세이부 지치부 선,,,,139.2047331,35.9217046,11,0,22002
22003,12,세이부 유라쿠초 선,세이부 유라쿠초 선,세이부 유라쿠초 선,,,,139.667595,35.740404,14,0,22003
22004,12,세이부 철도 도시마 선,세이부 철도 도시마 선,세이부 철도 도시마 선,,,,139.6515168,35.74004317,15,0,22004
22005,12,세이부 철도 사야마 선,세이부 철도 사야마 선,세이부 철도 사야마 선,,,,139.4392487,35.77960247,14,0,22005
22006,12,레오 라이너,레오 라이너,레오 라이너,,,,139.4314444,35.77056761,14,0,22006
22007,12,세이부 신주쿠 선,세이부 신주쿠 선,세이부 신주쿠 선,,,,139.5308649,35.77694687,11,0,22007
22008,12,세이부 하이지마 선,세이부 하이지마 선,세이부 하이지마 선,,,,139.4131356,35.7328647,12,0,22008
22009,12,세이부 철도 세이부 엔 선,세이부 철도 세이부 엔 선,세이부 철도 세이부 엔 선,,,,139.4573715,35.76415058,14,0,22009
22010,12,세이부 철도 고쿠분지 선,세이부 철도 고쿠분지 선,세이부 철도 고쿠분지 선,,,,139.467741,35.7306282,13,0,22010
22011,12,세이부 타마코 선,세이부 타마코 선,세이부 타마코 선,,,,139.4685092,35.74104813,13,0,22011
22012,12,세이부 철도 다마가와 선,세이부 철도 다마가와 선,세이부 철도 다마가와 선,,,,139.5135317,35.67702828,13,0,22012
23001,13,게이세이 본선,게이세이 본선,게이세이 본선,,,,140.0722625,35.72628887,10,0,23001
23002,13,게이세이 오시아게 선,게이세이 오시아게 선,게이세이 오시아게 선,,,,139.8417658,35.73700035,13,0,23002
23003,13,게이세이 카나마찌 선,게이세이 카나마찌 선,게이세이 카나마찌 선,,,,139.8685851,35.76122201,14,0,23003
23004,13,게이세이 지바 선,게이세이 지바 선,게이세이 지바 선,,,,140.0661343,35.65068345,12,0,23004
23005,13,게이세이 치하라 선,게이세이 치하라 선,게이세이 치하라 선,,,,140.1401424,35.57885231,12,0,23005
23006,13,나리타 스카이 액세스,나리타 스카이 액세스,나리타 스카이 액세스,,,,140.04558,35.7834747,10,0,23006
24001,14,케이오 선,케이오 선,케이오 선,,,,139.5335769,35.67836429,11,0,24001
24002,14,게이오 사가미 하라 선,게이오 사가미 하라 선,게이오 사가미 하라 선,,,,139.4375162,35.625847,12,0,24002
24003,14,게이오 다카오 선,게이오 다카오 선,게이오 다카오 선,,,,139.3084367,35.6433159,13,0,24003
24004,14,게이오 케이바죠 선,게이오 케이바죠 선,게이오 케이바죠 선,,,,139.489623,35.66894537,14,0,24004
24005,14,게이오 도부쓰엔 선,게이오 도부쓰엔 선,게이오 도부쓰엔 선,,,,139.4099916,35.65746175,14,0,24005
24006,14,케이오 이노카시라 선,케이오 이노카시라 선,케이오 이노카시라 선,,,,139.6349878,35.67668499,12,0,24006
24007,14,케이오 뉴 라인,케이오 뉴 라인,케이오 뉴 라인,,,,139.6852505,35.68049853,14,0,24007
25001,15,오다큐 선,오다큐 선,오다큐 선,,,,139.4347754,35.52853524,11,0,25001
25002,15,오다큐 에노시마 선,오다큐 에노시마 선,오다큐 에노시마 선,,,,139.4497755,35.4357481,11,0,25002
25003,15,오다큐 타마선,오다큐 타마선,오다큐 타마선,,,,139.4602937,35.61945835,13,0,25003
26001,16,도쿄 도요코 선,도쿄 도요코 선,도쿄 도요코 선,,,,139.668326,35.58608049,11,0,26001
26002,16,토큐 메구로 선,토큐 메구로 선,토큐 메구로 선,,,,139.6783513,35.60375543,13,0,26002
26003,16,토큐 덴엔 도시 선,토큐 덴엔 도시 선,토큐 덴엔 도시 선,,,,139.5846592,35.58324215,11,0,26003
26004,16,토큐 오이마치 선,토큐 오이마치 선,토큐 오이마치 선,,,,139.6753762,35.60702724,12,0,26004
26005,16,토큐 이케가미 선,토큐 이케가미 선,토큐 이케가미 선,,,,139.7062394,35.59393651,13,0,26005
26006,16,토큐 다마가와 선,토큐 다마가와 선,토큐 다마가와 선,,,,139.6874327,35.57244164,13,0,26006
26007,16,토큐 세타가야 선,토큐 세타가야 선,토큐 세타가야 선,,,,139.6525419,35.65319678,14,0,26007
26008,16,도쿄 코도모노쿠니 선,도쿄 코도모노쿠니 선,도쿄 코도모노쿠니 선,,,,139.4878591,35.54810976,14,0,26008
27001,17,게이큐 본선,게이큐 본선,게이큐 본선,,,,139.6654216,35.47001317,10,0,27001
27002,17,케이큐 공항선,케이큐 공항선,케이큐 공항선,,,,139.7497837,35.55500125,13,0,27002
27003,17,게이큐 다이시 선,게이큐 다이시 선,게이큐 다이시 선,,,,139.7233,35.5356905,14,0,27003
27004,17,케이큐 즈시 선,케이큐 즈시 선,케이큐 즈시 선,,,,139.5988512,35.31470435,13,0,27004
27005,17,케이큐 쿠리하마 선,케이큐 쿠리하마 선,케이큐 쿠리하마 선,,,,139.6682823,35.2287079,12,0,27005
28001,18,도쿄 메트로 긴자 선,도쿄 메트로 긴자 선,도쿄 메트로 긴자 선,F7931D,오렌지,,139.7572081,35.68646095,13,0,28001
28002,18,도쿄 메트로 마루노우치 선,도쿄 메트로 마루노우치 선,도쿄 메트로 마루노우치 선,E60012,레드,,139.7004366,35.70518514,12,0,28002
28003,18,도쿄 메트로 히비야 선,도쿄 메트로 히비야 선,도쿄 메트로 히비야 선,89A1AD,실버,,139.7679001,35.69469234,12,0,28003
28004,18,도쿄 메트로 도자이 선,도쿄 메트로 도자이 선,도쿄 메트로 도자이 선,00A7DB,스카이블루,,139.8154913,35.68326533,11,0,28004
28005,18,도쿄 메트로 지요다 선,도쿄 메트로 지요다 선,도쿄 메트로 지요다 선,9933,그린,,139.7558612,35.72301167,12,0,28005
28006,18,도쿄 메트로 유라쿠초 선,도쿄 메트로 유라쿠초 선,도쿄 메트로 유라쿠초 선,C5C544,골드,,139.7042043,35.73316552,11,0,28006
28007,18,도쿄 지하철 유라쿠초 신 선,도쿄 지하철 유라쿠초 신 선,도쿄 지하철 유라쿠초 신 선,BB6633,브라운,,139.6913901,35.73819936,14,2,28007
28008,18,도쿄 메트로 한조몬 선,도쿄 메트로 한조몬 선,도쿄 메트로 한조몬 선,A757A8,퍼플,,139.7652271,35.68813211,12,0,28008
28009,18,도쿄 메트로 난보쿠 선,도쿄 메트로 난보쿠 선,도쿄 메트로 난보쿠 선,00ADA9,에메랄드,,139.7343319,35.71029972,12,0,28009
28010,18,도쿄 메트로 부 도심 선,도쿄 메트로 부 도심 선,도쿄 메트로 부 도심 선,BB6633,브라운,,139.6866635,35.73144201,12,0,28010
29001,19,소테츠 본선,소테츠 본선,소테츠 본선,,,,139.5091433,35.46560375,11,0,29001
29002,19,소테츠 이즈미 노 선,소테츠 이즈미 노 선,소테츠 이즈미 노 선,,,,139.4964929,35.43154135,13,0,29002
30001,20,메이 테츠 나고야 혼 센,메이 테츠 나고야 혼 센,메이 테츠 나고야 혼 센,,,,137.0464891,35.09024466,10,0,30001
30002,20,메이테츠 도요카와 선,메이테츠 도요카와 선,메이테츠 도요카와 선,,,,137.3620843,34.82916687,13,0,30002
30003,20,메이테츠 니시오 선,메이테츠 니시오 선,메이테츠 니시오 선,,,,137.07579,34.89567965,11,0,30003
30004,20,메이테츠 가마고오리 선,메이테츠 가마고오리 선,메이테츠 가마고오리 선,,,,137.1490535,34.83015508,12,0,30004
30005,20,메이테츠 미카와 선,메이테츠 미카와 선,메이테츠 미카와 선,,,,137.0397446,35.0278918,11,0,30005
30006,20,메이테츠 도요타 선,메이테츠 도요타 선,메이테츠 도요타 선,,,,137.0949593,35.12029624,12,0,30006
30007,20,메이테츠 공항선,메이테츠 공항선,메이테츠 공항선,,,,136.8275426,34.87838959,13,0,30007
30008,20,메이테츠 도코나메 선,메이테츠 도코나메 선,메이테츠 도코나메 선,,,,136.8720209,35.05218409,11,0,30008
30009,20,메이테츠 코와 선,메이테츠 코와 선,메이테츠 코와 선,,,,136.9060466,34.92375177,11,0,30009
30010,20,메이테츠 치타 신 선,메이테츠 치타 신 선,메이테츠 치타 신 선,,,,136.8807923,34.80481608,12,0,30010
30011,20,메이테츠 칫코 선,메이테츠 칫코 선,메이테츠 칫코 선,,,,136.9056632,35.0918768,14,0,30011
30012,20,메이테츠 세토 선,메이테츠 세토 선,메이테츠 세토 선,,,,136.9925433,35.20783035,11,0,30012
30013,20,메이테츠 쓰시마 선,메이테츠 쓰시마 선,메이테츠 쓰시마 선,,,,136.778182,35.19835631,12,0,30013
30014,20,메이테츠 오니시 선,메이테츠 오니시 선,메이테츠 오니시 선,,,,136.7443573,35.24366672,11,0,30014
30015,20,메이테츠 이누야마 선,메이테츠 이누야마 선,메이테츠 이누야마 선,,,,136.8898647,35.31165711,11,0,30015
30016,20,메이테츠 카카미가하라 선,메이테츠 카카미가하라 선,메이테츠 카카미가하라 선,,,,136.8532538,35.40320428,12,0,30016
30017,20,메이테츠 히로미 선,메이테츠 히로미 선,메이테츠 히로미 선,,,,137.0289762,35.41784153,12,0,30017
30018,20,메이테츠 고마키 선,메이테츠 고마키 선,메이테츠 고마키 선,,,,136.9396133,35.29631352,12,0,30018
30019,20,이누야마 모노레일,이누야마 모노레일,이누야마 모노레일,,,,136.9511615,35.39061782,15,2,30019
30020,20,메이테츠 다케하나 선,메이테츠 다케하나 선,메이테츠 다케하나 선,,,,136.7325031,35.34935108,13,0,30020
30021,20,메이테츠 하시마 선,메이테츠 하시마 선,메이테츠 하시마 선,,,,136.693134,35.31404976,14,0,30021
31001,21,긴테츠 난바 선,긴테츠 난바 선,긴테츠 난바 선,,,,135.5271582,34.66336378,12,0,31001
31002,21,긴테츠 가시하라 선,긴테츠 가시하라 선,긴테츠 가시하라 선,,,,135.7855105,34.59665269,11,0,31002
31003,21,긴테츠 미나미 오사카 선,긴테츠 미나미 오사카 선,긴테츠 미나미 오사카 선,,,,135.653052,34.57245205,11,0,31003
31004,21,긴테츠 요우로 선,긴테츠 요우로 선,긴테츠 요우로 선,,,,136.6320124,35.25923222,10,2,31004
31005,21,긴테츠 오사카 선,긴테츠 오사카 선,긴테츠 오사카 선,,,,135.872054,34.61556505,10,0,31005
31006,21,긴테츠 이가 선,긴테츠 이가 선,긴테츠 이가 선,,,,136.1392827,34.73336053,12,2,31006
31007,21,긴테츠 요시노 선,긴테츠 요시노 선,긴테츠 요시노 선,,,,135.794504,34.42943968,12,0,31007
31008,21,긴테츠 유노야마 선,긴테츠 유노야마 선,긴테츠 유노야마 선,,,,136.5443642,34.99419291,12,0,31008
31009,21,긴테츠 야마다 선,긴테츠 야마다 선,긴테츠 야마다 선,,,,136.5903378,34.56980041,11,0,31009
31010,21,긴테츠 도바 선,긴테츠 도바 선,긴테츠 도바 선,,,,136.7727458,34.4838102,12,0,31010
31011,21,긴테츠 텐리 선,긴테츠 텐리 선,긴테츠 텐리 선,,,,135.8037012,34.602763,13,0,31011
31012,21,긴테츠 도묘지 선,긴테츠 도묘지 선,긴테츠 도묘지 선,,,,135.6220294,34.58011802,14,0,31012
31013,247,우쓰베 선,우쓰베 선,우쓰베 선,,,,136.6051365,34.94951463,13,0,31013
31014,247,하치오지 선,하치오지 선,하치오지 선,,,,136.6077976,34.95820819,14,0,31014
31015,21,긴테츠 시마 선,긴테츠 시마 선,긴테츠 시마 선,,,,136.8269031,34.40319761,11,0,31015
31016,21,긴테츠 이코마 선,긴테츠 이코마 선,긴테츠 이코마 선,,,,135.7029186,34.65409575,13,0,31016
31017,21,긴테츠 타와라모토 선,긴테츠 타와라모토 선,긴테츠 타와라모토 선,,,,135.743514,34.57463758,13,0,31017
31018,21,긴테츠 고세 선,긴테츠 고세 선,긴테츠 고세 선,,,,135.7248733,34.48800185,13,0,31018
31019,21,긴테츠 스즈카 선,긴테츠 스즈카 선,긴테츠 스즈카 선,,,,136.5827958,34.87798499,13,0,31019
31020,21,긴테츠 나라 선,긴테츠 나라 선,긴테츠 나라 선,,,,135.6903788,34.68769268,11,0,31020
31021,21,긴테츠 쓰시키 선,긴테츠 쓰시키 선,긴테츠 쓰시키 선,,,,135.632634,34.62506252,14,0,31021
31022,21,긴테츠 나가노 선,긴테츠 나가노 선,긴테츠 나가노 선,,,,135.5986759,34.50049475,12,0,31022
31023,21,긴테츠 케이한나 선,긴테츠 케이한나 선,긴테츠 케이한나 선,,,,135.6758638,34.69894594,12,0,31023
31024,21,니시시기 케이블,니시시기 케이블,니시시기 케이블,,,,135.647956,34.61767063,15,0,31024
31025,21,긴테츠 교토 선,긴테츠 교토 선,긴테츠 교토 선,,,,135.7855993,34.85398933,11,0,31025
31026,21,이코마 케이블,이코마 케이블,이코마 케이블,,,,135.688804,34.6858188,14,0,31026
31027,21,긴테츠 나고야 선,긴테츠 나고야 선,긴테츠 나고야 선,,,,136.643873,34.94306111,10,0,31027
32001,22,난카이 본선,난카이 본선,난카이 본선,,,,135.3620307,34.49540979,10,0,32001
32002,22,난카이 공항선,난카이 공항선,난카이 공항선,,,,135.2840674,34.42306792,12,0,32002
32003,22,난카이 와카야마 항구 선,난카이 와카야마 항구 선,난카이 와카야마 항구 선,,,,135.1551397,34.23138086,13,0,32003
32004,22,난카이 다카시노하마 선,난카이 다카시노하마 선,난카이 다카시노하마 선,,,,135.4387343,34.53069292,15,0,32004
32005,22,난카이 카다 선,난카이 카다 선,난카이 카다 선,,,,135.1256245,34.26437499,12,0,32005
32006,22,난카이 다나가와 선,난카이 다나가와 선,난카이 다나가와 선,,,,135.1448043,34.31836786,14,0,32006
32007,22,난카이 고야 선,난카이 고야 선,난카이 고야 선,,,,135.5432731,34.46533853,9,0,32007
32008,22,난카이 고야산 케이블,난카이 고야산 케이블,난카이 고야산 케이블,,,,135.5799343,34.23156624,15,0,32008
32009,22,난카이 시오미바시 선,난카이 시오미바시 선,난카이 시오미바시 선,,,,135.4864027,34.64835159,13,0,32009
33001,23,케이한 혼선,케이한 혼선,케이한 혼선,,,,135.6705644,34.84957679,10,0,33001
33002,23,게이한 우지 선,게이한 우지 선,게이한 우지 선,,,,135.7868899,34.91898738,13,0,33002
33003,23,케이한 카다노 선,케이한 카다노 선,케이한 카다노 선,,,,135.6678686,34.79400316,13,0,33003
33004,23,케이한 오우토우 선,케이한 오우토우 선,케이한 오우토우 선,,,,135.772187,35.02313234,14,0,33004
33005,23,오도코야마 케이블,오도코야마 케이블,오도코야마 케이블,,,,135.6997063,34.88334886,16,0,33005
33006,23,케이한 이시야마사카모토 선,케이한 이시야마사카모토 선,케이한 이시야마사카모토 선,,,,135.8736875,35.02135481,12,0,33006
33007,23,게이한 게이신 선 ,게이한 게이신 선,게이한 게이신 선 ,,,,135.8351757,35.00559948,13,0,33007
33008,23,케이한 나카노시마 선,케이한 나카노시마 선,케이한 나카노시마 선,,,,135.5004281,34.69339585,14,0,33008
34001,24,한큐 고베 본선,한큐 고베 본선,한큐 고베 본선,,,,135.3535625,34.73581893,11,0,34001
34002,24,한큐 다카라즈카 본선,한큐 다카라즈카 본선,한큐 다카라즈카 본선,,,,135.4343471,34.78606114,12,0,34002
34003,24,한큐 교토 본선,한큐 교토 본선,한큐 교토 본선,,,,135.6107341,34.86050585,10,0,34003
34004,24,한큐 이마즈 선,한큐 이마즈 선,한큐 이마즈 선,,,,135.3546653,34.77069205,13,0,34004
34005,24,한큐 고요 선,한큐 고요 선,한큐 고요 선,,,,135.3287615,34.75283869,14,0,34005
34006,24,한큐 이타미 선,한큐 이타미 선,한큐 이타미 선,,,,135.4146048,34.77006123,14,0,34006
34007,24,한큐 미노오 선,한큐 미노오 선,한큐 미노오 선,,,,135.4602157,34.82297851,14,0,34007
34008,24,한큐 센 리 선,한큐 센 리 선,한큐 센 리 선,,,,135.5133937,34.77089106,12,0,34008
34009,24,한큐 아라시야마 선,한큐 아라시야마 선,한큐 아라시야마 선,,,,135.6910954,34.99649849,14,0,34009
35001,25,한신 본선,한신 본선,한신 본선,,,,135.3388145,34.72713809,11,0,35001
35002,25,한신 난바 선,한신 난바 선,한신 난바 선,,,,135.454218,34.69437586,13,0,35002
35003,25,한신 무코가와 선,한신 무코가와 선,한신 무코가와 선,,,,135.3792246,34.71224333,15,0,35003
36001,26,니시테츠 텐진오무타 선,니시테츠 텐진오무타 선,니시테츠 텐진오무타 선,,,,130.4695301,33.33736616,10,0,36001
36002,26,니시테츠 다자이후 선,니시테츠 다자이후 선,니시테츠 다자이후 선,,,,130.525471,33.51078067,14,0,36002
36003,26,니시테츠 아마기 선,니시테츠 아마기 선,니시테츠 아마기 선,,,,130.6000395,33.3745797,12,0,36003
36004,26,니시테츠 카이즈카 선,니시테츠 카이즈카 선,니시테츠 카이즈카 선,,,,130.4465091,33.71197663,12,0,36004
99101,101,삿포로 시영지하철 도자이 선,삿포로 시영지하철 도자이 선,삿포로 시영지하철 도자이 선,,,,141.3772839,43.05654941,11,0,99101
99102,101,삿포로 시영지하철 난보쿠 선,삿포로 시영지하철 난보쿠 선,삿포로 시영지하철 난보쿠 선,,,,141.3433322,43.06454354,12,0,99102
99103,101,삿포로 시영지하철 토호 선,삿포로 시영지하철 토호 선,삿포로 시영지하철 토호 선,,,,141.3730984,43.07195212,12,0,99103
99104,101,삿포로 시영 야마하나 선,삿포로 시영 야마하나 선,삿포로 시영 야마하나 선,,,,141.3441983,43.04683982,14,0,99104
99105,102,하코다테 노면전차 2 계통,하코다테 노면전차 2 계통,하코다테 노면전차 2 계통,,,,140.7473852,41.78054066,13,0,99105
99106,102,하코다테 노면전차 5 계통,하코다테 노면전차 5 계통,하코다테 노면전차 5 계통,,,,140.7437262,41.77956913,13,0,99106
99107,103,후루사토 은하 선,후루사토 은하 선,후루사토 은하 선,,,,143.6400361,43.42292395,9,2,99107
99201,104,쓰가루 철도,쓰가루 철도,쓰가루 철도,,,,140.4475315,40.89185142,11,0,99201
99202,105,고우난 철도 고우난 선,고우난 철도 고우난 선,고우난 철도 고우난 선,,,,140.5487135,40.61175482,12,0,99202
99203,105,고우난 철도 오오와니 선,고우난 철도 오오와니 선,고우난 철도 오오와니 선,,,,140.5090532,40.56021152,12,0,99203
99204,106,토와다 관광 전철,토와다 관광 전철,토와다 관광 전철,,,,141.2927017,40.64340823,12,2,99204
99205,107,이와테 은하철도 선,이와테 은하철도 선,이와테 은하철도 선,,,,141.188052,40.0496578,10,0,99205
99206,108,아오이모리 철도 선,아오이모리 철도 선,아오이모리 철도 선,,,,141.0521792,40.66322161,9,0,99206
99207,109,산리쿠철도 북리아스 선,산리쿠철도 북리아스 선,산리쿠철도 북리아스 선,,,,141.8597993,39.91336094,10,0,99207
99208,109,산리쿠철도 미나미리아스 선,산리쿠철도 미나미리아스 선,산리쿠철도 미나미리아스 선,,,,141.8126076,39.16113256,11,0,99208
99209,110,아키타내륙 선,아키타내륙 선,아키타내륙 선,,,,140.4689341,39.91759531,10,0,99209
99210,111,쵸카이산록 선,쵸카이산록 선,쵸카이산록 선,,,,140.0943788,39.3150053,11,0,99210
99211,112,플라워 나가이 선,플라워 나가이 선,플라워 나가이 선,,,,140.082424,38.12608279,12,0,99211
99212,113,쿠리하라 전원철도 선,쿠리하라 전원철도 선,쿠리하라 전원철도 선,,,,141.0332668,38.81574935,11,2,99212
99213,114,아부쿠마 급행 선,아부쿠마 급행 선,아부쿠마 급행 선,,,,140.6629175,37.9191756,11,0,99213
99214,115,센다이 시영지하철 난보쿠 선,센다이 시영지하철 난보쿠 선,센다이 시영지하철 난보쿠 선,,,,140.8799934,38.27625168,12,0,99214
99215,116,후쿠시마교통 이이자카 선,후쿠시마교통 이이자카 선,후쿠시마교통 이이자카 선,,,,140.4531639,37.79516157,13,0,99215
99216,117,아이즈철도 아이즈 선,아이즈철도 아이즈 선,아이즈철도 아이즈 선,,,,139.848048,37.28675951,10,0,99216
99217,118,센다이 공항 선,센다이 공항 선,센다이 공항 선,,,,140.9057989,38.16179524,13,0,99217
99301,119,도영 오에도 선,도영 오에도 선,도영 오에도 선,,,,139.7137042,35.70754623,12,0,99301
99302,119,도영 아사쿠사 선,도영 아사쿠사 선,도영 아사쿠사 선,,,,139.7586038,35.66226194,12,0,99302
99303,119,도영 미타 선,도영 미타 선,도영 미타 선,,,,139.7032176,35.71883584,12,0,99303
99304,119,도영 신주쿠 선,도영 신주쿠 선,도영 신주쿠 선,,,,139.809404,35.68917479,11,0,99304
99305,119,토우덴 아라카와 선,토우덴 아라카와 선,토우덴 아라카와 선,,,,139.748615,35.73501693,13,0,99305
99342,119,닛포리 ・ 토네리 라이너,닛포리 ・ 토네리 라이너,닛포리 ・ 토네리 라이너,,,,139.7694965,35.78182569,12,0,99305
99306,120,지치부철도 지치부 본선,지치부철도 지치부 본선,지치부철도 지치부 본선,,,,139.2068139,36.1009953,10,0,99306
99307,121,사이타마 고속철도 선,사이타마 고속철도 선,사이타마 고속철도 선,,,,139.727016,35.84233268,12,0,99307
99308,122,이즈미 선,이즈미 선,이즈미 선,,,,140.2913395,35.26741095,12,0,99308
99309,123,츠쿠바 익스프레스,츠쿠바 익스프레스,츠쿠바 익스프레스,,,,139.9375093,35.90577191,10,0,99309
99310,124,미나토미라이  선,미나토미라이  선,미나토미라이  선,,,,139.6360988,35.45568264,14,0,99310
99311,125,유리카모메,유리카모메,유리카모메,,,,139.7749498,35.64286985,13,0,99311
99312,126,와다라세케이코쿠  선,와다라세케이코쿠  선,와다라세케이코쿠  선,,,,139.3507558,36.53324025,11,0,99312
99313,127,유우가리가오카 선,유우가리가오카 선,유우가리가오카 선,,,,140.1530485,35.73088307,15,0,99313
99314,128,이즈 하코네 철도 다이유잔 선,이즈 하코네 철도 다이유잔 선,이즈 하코네 철도 다이유잔 선,,,,139.1309474,35.28939808,13,0,99314
99315,129,히다치나카 해변철도 미나토 선,히다치나카 해변철도 미나토 선,히다치나카 해변철도 미나토 선,,,,140.5729552,36.37147623,12,0,99315
99316,130,블루 라인,블루 라인,블루 라인,,,,139.5514823,35.4877675,11,0,99316
99343,130,그린 라인,그린 라인,그린 라인,,,,139.5869369,35.5472458,13,0,99316
99317,131,가나자와 시사이드 선,가나자와 시사이드 선,가나자와 시사이드 선,,,,139.6311443,35.36215675,13,0,99317
99318,132,간토 철도 죠소 선,간토 철도 죠소 선,간토 철도 죠소 선,,,,139.9901393,36.11988505,10,0,99318
99319,132,간토 철도 류가사키 선,간토 철도 류가사키 선,간토 철도 류가사키 선,,,,140.1573067,35.91893165,13,0,99319
99320,133,에노시마 전철 선,에노시마 전철 선,에노시마 전철 선,,,,139.5124071,35.3260882,13,0,99320
99321,134,뉴 셔틀,뉴 셔틀,뉴 셔틀,,,,139.6162808,35.96269513,12,0,99321
99322,135,가시마 철도 선,가시마 철도 선,가시마 철도 선,,,,140.3911293,36.15897227,12,2,99322
99323,136,가시마 임해철도 오오아라이가시마 선,가시마 임해철도 오오아라이가시마 선,가시마 임해철도 오오아라이가시마 선,,,,140.5428336,36.18730568,10,0,99323
99324,137,시바야마 철도 선,시바야마 철도 선,시바야마 철도 선,,,,140.3923617,35.76356243,14,0,99324
99325,138,고미나토 철도 선,고미나토 철도 선,고미나토 철도 선,,,,140.1273986,35.39584849,11,0,99325
99326,139,쇼난 모노레일,쇼난 모노레일,쇼난 모노레일,,,,139.5102446,35.33223249,13,0,99326
99327,140,죠신 전철,죠신 전철,죠신 전철,,,,138.9156343,36.26619008,11,0,99327
99328,141,죠모우덴키철도 죠모우 선,죠모우덴키철도 죠모우 선,죠모우덴키철도 죠모우 선,,,,139.1911683,36.41704838,11,0,99328
99329,142,신게이세이 선,신게이세이 선,신게이세이 선,,,,139.9704263,35.75905071,12,0,99329
99330,143,모오카철도 모오카 선,모오카철도 모오카 선,모오카철도 모오카 선,,,,140.0426815,36.44502033,11,0,99330
99331,144,지바 도시모노레일 1 호선,지바 도시모노레일 1 호선,지바 도시모노레일 1 호선,,,,140.1131079,35.60826509,14,0,99331
99332,144,지바 도시모노레일 2 호선,지바 도시모노레일 2 호선,지바 도시모노레일 2 호선,,,,140.1410858,35.62639177,13,0,99332
99333,145,류테츠 나가레야마 선,류테츠 나가레야마 선,류테츠 나가레야마 선,,,,139.9119926,35.83792664,13,0,99333
99334,146,타마 모노레일,타마 모노레일,타마 모노레일,,,,139.4216985,35.69743141,12,0,99334
99335,147,쵸시전철 선,쵸시전철 선,쵸시전철 선,,,,140.8474032,35.71912821,13,0,99335
99336,148,도쿄 모노레일,도쿄 모노레일,도쿄 모노레일,,,,139.7632862,35.59102281,12,0,99336
99337,149,린카이 선,린카이 선,린카이 선,,,,139.7661296,35.62373301,13,0,99337
99338,150,토요고속 선,토요고속 선,토요고속 선,,,,140.0380473,35.719061,12,0,99338
99339,151,하코네 등산철도 철도 선,하코네 등산철도 철도 선,하코네 등산철도 철도 선,,,,139.099491,35.24597909,12,0,99339
99340,152,호쿠소철도 호쿠소 선,호쿠소철도 호쿠소 선,호쿠소철도 호쿠소 선,,,,140.037845,35.78346286,11,0,99340
99341,153,호또스파라인,호또스파라인,호또스파라인,,,,139.7013327,36.98733557,11,0,99341
99344,151,하코네 등산 케이블카,하코네 등산 케이블카,하코네 등산 케이블카,,,,139.0414238,35.248167,15,0,99344
99401,154,후지급행 선,후지급행 선,후지급행 선,,,,138.8607561,35.55367112,12,0,99401
99402,155,호쿠에쓰급행 호쿠호쿠 선,호쿠에쓰급행 호쿠호쿠 선,호쿠에쓰급행 호쿠호쿠 선,,,,138.5909943,37.13966175,10,0,99402
99403,156,시나노철도 선,시나노철도 선,시나노철도 선,,,,138.3174292,36.41942391,10,0,99403
99427,156,기타시나노 선,기타시나노 선,기타시나노 선,,,,138.2105017,36.75530604,11,0,99403
99404,157,우에다전철 벳쇼 선,우에다전철 벳쇼 선,우에다전철 벳쇼 선,,,,138.2109223,36.37625258,13,0,99404
99405,158,나가노전철 나가노 선,나가노전철 나가노 선,나가노전철 나가노 선,,,,138.3042523,36.7018593,11,0,99405
99406,158,나가노전철 야미로 선,나가노전철 야미로 선,나가노전철 야미로 선,,,,138.2119355,36.59924925,12,2,99406
99407,159,가미코치 선,가미코치 선,가미코치 선,,,,137.8973825,36.21371738,12,0,99407
99408,160,도야마 지방철도 선,도야마 지방철도 선,도야마 지방철도 선,,,,137.3897613,36.78988244,11,0,99408
99409,160,도야마 지방철도 다테야마 선,도야마 지방철도 다테야마 선,도야마 지방철도 다테야마 선,,,,137.3705508,36.63259704,12,0,99409
99410,160,도야마 지방철도  카미타키 선,도야마 지방철도  카미타키 선,도야마 지방철도  카미타키 선,,,,137.252526,36.65497801,12,0,99410
99411,161,카미오카 철도 카미오카 선,카미오카 철도 카미오카 선,카미오카 철도 카미오카 선,,,,137.2728078,36.40433317,12,2,99411
99412,162,구로베 협곡철도 본선,구로베 협곡철도 본선,구로베 협곡철도 본선,,,,137.6293364,36.77139821,12,0,99412
99413,160,도야마 지방철도 나이센 【 1 ・ 2 계통 】,도야마 지방철도 나이센 【 1 ・ 2 계통 】,도야마 지방철도 나이센 【 1 ・ 2 계통 】,,,,137.2104899,36.68749219,14,0,99413
99422,160,도야마 지방철도 도야마도심 선 【 3 계통 (순환 선) 】,도야마 지방철도 도야마도심 선 【 3 계통,도야마 지방철도 도야마도심 선 【 3 계통 (순환 선) 】,,,,137.2128868,36.69553915,15,0,99413
99414,163,만요 선,만요 선,만요 선,,,,137.0519879,36.76865393,13,0,99414
99415,164,도야마 라이트레일,도야마 라이트레일,도야마 라이트레일,,,,137.2273701,36.73584007,13,0,99415
99416,165,호쿠리쿠철도 이시카와 선,호쿠리쿠철도 이시카와 선,호쿠리쿠철도 이시카와 선,,,,136.6276302,36.50748931,12,0,99416
99417,165,호쿠리쿠철도 아사노가와 선,호쿠리쿠철도 아사노가와 선,호쿠리쿠철도 아사노가와 선,,,,136.6412445,36.61101108,13,0,99417
99423,244,일본카이히스이  선,일본카이히스이  선,일본카이히스이  선,,,,138.0056284,37.09275022,10,0,99417
99424,244,묘코하네우마 선,묘코하네우마 선,묘코하네우마 선,,,,138.0056284,37.09275022,10,0,99417
99425,245,아이노카세토야마철도 선,아이노카세토야마철도 선,아이노카세토야마철도 선,,,,137.2146129,36.68415994,10,0,99417
99426,246,IR이시카와철도 선,IR이시카와철도 선,IR이시카와철도 선,,,,136.8520641,36.66188604,10,0,99417
99418,166,노도철도 나나오 선,노도철도 나나오 선,노도철도 나나오 선,,,,136.9044154,37.12448507,11,0,99418
99419,167,에치젠철도 가츠야마에이헤이지 선,에치젠철도 가츠야마에이헤이지 선,에치젠철도 가츠야마에이헤이지 선,,,,136.3513615,36.08641898,11,0,99419
99420,167,에치젠철도 미쿠니아와라 선,에치젠철도 미쿠니아와라 선,에치젠철도 미쿠니아와라 선,,,,136.1919527,36.16279193,11,0,99420
99421,168,후쿠이철도 후쿠부 선,후쿠이철도 후쿠부 선,후쿠이철도 후쿠부 선,,,,136.2068054,36.01077557,12,0,99421
99501,169,이즈 급행 선,이즈 급행 선,이즈 급행 선,,,,139.0415898,34.82442966,11,0,99501
99502,128,이즈 하코네철도 슨즈 선,이즈 하코네철도 슨즈 선,이즈 하코네철도 슨즈 선,,,,138.9315606,35.05660799,12,0,99502
99503,170,가쿠난철도 선,가쿠난철도 선,가쿠난철도 선,,,,138.7141214,35.15955767,13,0,99503
99504,171,시즈오카철도 시즈오카 시미즈 선,시즈오카철도 시즈오카 시미즈 선,시즈오카철도 시즈오카 시미즈 선,,,,138.4390581,34.99815891,12,0,99504
99505,172,텐류 하나코 선,텐류 하나코 선,텐류 하나코 선,,,,137.7304712,34.82776372,10,0,99505
99506,173,엔슈철도 철도 선,엔슈철도 철도 선,엔슈철도 철도 선,,,,137.7761985,34.7815717,12,0,99506
99507,174,오오이가와철도 본선,오오이가와철도 본선,오오이가와철도 본선,,,,138.1072522,34.96974307,11,0,99507
99508,174,미나미알프스 아푸토 선,미나미알프스 아푸토 선,미나미알프스 아푸토 선,,,,138.1617609,35.16819152,12,0,99508
99509,175,아오나미 선,아오나미 선,아오나미 선,,,,136.8650634,35.12536651,12,0,99509
99510,176,도카이 코우츠지교죠후쿠 선,도카이 코우츠지교죠후쿠 선,도카이 코우츠지교죠후쿠 선,,,,136.8966625,35.22929996,13,0,99510
99511,177,아이치 간죠철도 선,아이치 간죠철도 선,아이치 간죠철도 선,,,,137.1221882,35.12130634,10,0,99511
99512,178,リニモ,リニモ,リニモ,,,,137.0600158,35.17115619,13,0,99512
99513,179,나고야 시영지하철 히가시야마 선,나고야 시영지하철 히가시야마 선,나고야 시영지하철 히가시야마 선,FFCC00,유채색,,136.9226337,35.16914033,12,0,99513
99514,179,나고야 시영지하철 메이죠 선,나고야 시영지하철 메이죠 선,나고야 시영지하철 메이죠 선,9B74C1,연보라색,,136.9328974,35.16054372,12,0,99514
99515,179,나고야 시영지하철 메이코 선,나고야 시영지하철 메이코 선,나고야 시영지하철 메이코 선,9B74C1,연보라색,,136.8896685,35.12510133,13,0,99515
99516,179,나고야 시영지하철 츠루마이 선,나고야 시영지하철 츠루마이 선,나고야 시영지하철 츠루마이 선,04ACDD,하늘색,,136.9361169,35.17099011,12,0,99516
99517,179,나고야 시영지하철 사쿠라도리 선,나고야 시영지하철 사쿠라도리 선,나고야 시영지하철 사쿠라도리 선,FF0000,빨간색,,136.9382244,35.14066755,12,0,99517
99518,179,나고야 시영지하철 카미이다 선,나고야 시영지하철 카미이다 선,나고야 시영지하철 카미이다 선,FF66C4,분홍색,,136.929713,35.20122208,15,0,99518
99519,180,피치라이너,피치라이너,피치라이너,,,,136.9585551,35.29823353,13,2,99519
99520,181,도요하시철도 아츠미 선,도요하시철도 아츠미 선,도요하시철도 아츠미 선,,,,137.3303607,34.70354168,12,0,99520
99521,181,나고야철도 아즈마다본 선,나고야철도 아즈마다본 선,나고야철도 아즈마다본 선,,,,137.4057546,34.76500606,14,0,99521
99522,181,도요하시철도 운도코엔마에 선,도요하시철도 운도코엔마에 선,도요하시철도 운도코엔마에 선,,,,137.4220566,34.76186984,16,2,99522
99523,182,유토리토라인,유토리토라인,유토리토라인,,,,136.9611979,35.20558123,13,0,99523
99524,183,아케치철도 아케치 선,아케치철도 아케치 선,아케치철도 아케치 선,,,,137.4120125,35.38280304,12,0,99524
99525,184,나가라가와철도 에츠미나미 선,나가라가와철도 에츠미나미 선,나가라가와철도 에츠미나미 선,,,,136.9272076,35.71007664,10,0,99525
99526,185,타루미철도 타루미 선,타루미철도 타루미 선,타루미철도 타루미 선,,,,136.6283188,35.51524594,11,0,99526
99528,186,산기철도 산기 선,산기철도 산기 선,산기철도 산기 선,,,,136.544136,35.08747244,11,0,99528
99529,186,산기철도 호쿠세이 선,산기철도 호쿠세이 선,산기철도 호쿠세이 선,,,,136.5984984,35.09462668,12,0,99529
99530,187,이세철도 이세 선,이세철도 이세 선,이세철도 이세 선,,,,136.5523658,34.83391616,12,0,99530
99531,188,이가철도 이가 선,이가철도 이가 선,이가철도 이가 선,,,,136.1396261,34.73336053,12,0,99531
99532,189,요우코우철도 요우로우 선,요우코우철도 요우로우 선,요우코우철도 요우로우 선,,,,136.6223994,35.26596009,11,0,99532
99601,190,오미철도 본선,오미철도 본선,오미철도 본선,,,,136.2109758,35.15504249,10,0,99601
99602,190,오미철도 타가 선,오미철도 타가 선,오미철도 타가 선,,,,136.2677014,35.23325261,14,0,99602
99603,190,오미철도 요우카이치 선,오미철도 요우카이치 선,오미철도 요우카이치 선,,,,136.1504219,35.11096374,13,0,99603
99604,191,시가라키코엔철도 시가라키 선,시가라키코엔철도 시가라키 선,시가라키코엔철도 시가라키 선,,,,136.0938447,34.91316865,12,0,99604
99605,192,사가노 관광 선,사가노 관광 선,사가노 관광 선,,,,135.6516844,35.02158814,12,0,99605
99606,193,에이산덴전철 에이잔혼 선,에이산덴전철 에이잔혼 선,에이산덴전철 에이잔혼 선,,,,135.7908797,35.05000422,13,0,99606
99607,193,에이산덴전철 구라마 선,에이산덴전철 구라마 선,에이산덴전철 구라마 선,,,,135.7789774,35.08616881,13,0,99607
99608,194,미야후쿠 선,미야후쿠 선,미야후쿠 선,,,,135.1450786,35.42665061,11,0,99608
99609,194,미야토요 선,미야토요 선,미야토요 선,,,,135.0214671,35.58009666,10,0,99609
99653,194,미야마이 선,미야마이 선,미야마이 선,,,,135.2654791,35.49972479,11,0,99609
99610,195,교토 시영지하철가 라스마 선,교토 시영지하철가 라스마 선,교토 시영지하철가 라스마 선,,,,135.7655673,35.01633354,12,0,99610
99611,195,교토 시영지하철 도자이 선,교토 시영지하철 도자이 선,교토 시영지하철 도자이 선,,,,135.7661215,34.97917108,12,0,99611
99612,196,케이후쿠전철 아라시야마 본선,케이후쿠전철 아라시야마 본선,케이후쿠전철 아라시야마 본선,,,,135.7102578,35.0127135,13,0,99612
99613,196,케이후쿠전철 기타노 선,케이후쿠전철 기타노 선,케이후쿠전철 기타노 선,,,,135.7124019,35.02593705,14,0,99613
99614,197,키타오사카 급행 전철,키타오사카 급행 전철,키타오사카 급행 전철,,,,135.4954616,34.78992724,13,0,99614
99616,198,센보쿠 고속철도,센보쿠 고속철도,센보쿠 고속철도,,,,135.4892352,34.50927756,12,0,99616
99617,199,미즈마철도 미즈마 선,미즈마철도 미즈마 선,미즈마철도 미즈마 선,,,,135.3691331,34.42801129,13,0,99617
99618,200,오사카 시영지하철 미도스지 선,오사카 시영지하철 미도스지 선,오사카 시영지하철 미도스지 선,e5171f,연지,,135.5118377,34.67464546,11,0,99618
99619,200,오사카 시영지하철 다니마치 선,오사카 시영지하철 다니마치 선,오사카 시영지하철 다니마치 선,522886,보라,,135.5527319,34.67567108,12,0,99619
99620,200,오사카 시영지하철 요츠바시 선,오사카 시영지하철 요츠바시 선,오사카 시영지하철 요츠바시 선,0078ba,유화색,,135.4936511,34.65791996,13,0,99620
99621,200,오사카 시영지하철 중앙 선,오사카 시영지하철 중앙 선,오사카 시영지하철 중앙 선,019a66,초록,,135.4957468,34.66777349,12,0,99621
99622,200,오사카 시영지하철 센니치마에 선,오사카 시영지하철 센니치마에 선,오사카 시영지하철 센니치마에 선,e44d93,홍매화색,,135.5153002,34.6767151,13,0,99622
99623,200,오사카 시영지하철 사카이스지 선,오사카 시영지하철 사카이스지 선,오사카 시영지하철 사카이스지 선,814721,밤색,,135.5083,34.67762312,13,0,99623
99624,200,오사카 시영지하철 나가호리쓰루미료쿠  선 ,오사카 시영지하철 나가호리쓰루미료쿠  선,오사카 시영지하철 나가호리쓰루미료쿠  선 ,a9cc51,연두,,135.5382456,34.69274888,12,0,99624
99652,200,오사카 시영지하철 이마자토 선,오사카 시영지하철 이마자토 선,오사카 시영지하철 이마자토 선,ee7b1a,감색,,135.5502239,34.71778192,13,0,99624
99625,200,뉴토라므,뉴토라므,뉴토라므,00a0de,세룰리안 블루,,135.4409309,34.62838186,13,0,99625
99626,201,오사카 모노레일 선,오사카 모노레일 선,오사카 모노레일 선,5058C3,파랑,,135.5244954,34.78906136,12,0,99626
99627,201,오사카 모노레일 사이토 선,오사카 모노레일 사이토 선,오사카 모노레일 사이토 선,5058C3,파랑,,135.5270888,34.83077567,13,0,99627
99628,202,사카이덴키 우에마치 선,사카이덴키 우에마치 선,사카이덴키 우에마치 선,83388,감색,,135.504187,34.62745795,14,0,99628
99629,202,사카이덴키 사카이 선,사카이덴키 사카이 선,사카이덴키 사카이 선,8947,초록,,135.4809414,34.59887028,12,0,99629
99630,203,고베고속 동서 선,고베고속 동서 선,고베고속 동서 선,2560A8,파랑,,135.1727403,34.67795666,13,0,99630
99631,203,고베고속 남북 선,고베고속 남북 선,고베고속 남북 선,2560A8,파랑,,135.1673864,34.67788463,16,0,99631
99632,204,아리마 선,아리마 선,아리마 선,D53924,주황,,135.1850569,34.75245997,12,0,99632
99633,204,미타 선,미타 선,미타 선,D53924,주황,,135.2221379,34.85009861,12,0,99633
99634,204,공원도시 선,공원도시 선,공원도시 선,D53924,주황,,135.2068426,34.89567764,13,0,99634
99635,204,아오 선,아오 선,아오 선,D53924,주황,,135.0190351,34.79456506,11,0,99635
99636,205,호쿠신급행 호쿠신 선,호쿠신급행 호쿠신 선,호쿠신급행 호쿠신 선,D59A00,골드,,135.1804991,34.734054,12,0,99636
99637,206,산요전철 본선,산요전철 본선,산요전철 본선,F45757,빨강,,134.8841417,34.74729359,10,0,99637
99638,206,산요전철 아보시 선,산요전철 아보시 선,산요전철 아보시 선,F45757,빨강,,134.628993,34.79619357,13,0,99638
99615,207,노세전철 묘켄 선,노세전철 묘켄 선,노세전철 묘켄 선,,,,135.4237989,34.87230522,12,0,99640
99640,207,노세전철 닛세이 선,노세전철 닛세이 선,노세전철 닛세이 선,B72142,적갈색,,135.402694,34.9008128,14,0,99640
99642,208,미키철도 미키 선,미키철도 미키 선,미키철도 미키 선,009CFF,하늘색,,134.9390908,34.79860467,13,2,99642
99643,209,호조철도 호조 선,호조철도 호조 선,호조철도 호조 선,7564D3,남색,,134.8638858,34.89497888,12,0,99643
99644,210,치즈급행 치즈 선,치즈급행 치즈 선,치즈급행 치즈 선,99,감색,,134.3268128,35.09441854,10,0,99644
99645,211,고베 시영지하철 세이신 선,고베 시영지하철 세이신 선,고베 시영지하철 세이신 선,01AF98,초록,,135.0688894,34.68307242,12,0,99645
99646,211,고베 시영지하철 야마테 선,고베 시영지하철 야마테 선,고베 시영지하철 야마테 선,01AF98,초록,,135.1714744,34.68032212,13,0,99646
99647,211,유메카모메 ,유메카모메,유메카모메 ,0388C0,파랑,,135.1688599,34.67065905,13,0,99647
99648,212,포트 라이너,포트 라이너,포트 라이너,FAA11C,오렌지,,135.212604,34.67033354,13,0,99648
99649,212,록코 라이너,록코 라이너,록코 라이너,1FCB9F,에메랄드,,135.2677847,34.70298944,14,0,99649
99650,213,기슈 철도,기슈 철도,기슈 철도,81042,감색,,135.1561255,33.89542811,14,0,99650
99651,214,키시가와 선,키시가와 선,키시가와 선,DA381B,빨강,,135.2408019,34.22928668,12,0,99651
99701,215,와카사 선,와카사 선,와카사 선,,,,134.3023643,35.37899167,12,0,99701
99702,216,키타마츠에 선,키타마츠에 선,키타마츠에 선,,,,132.8972022,35.45774737,11,0,99702
99703,216,다이샤 센,다이샤 센,다이샤 센,,,,132.7302839,35.38956501,12,0,99703
99704,217,미즈시마 본선,미즈시마 본선,미즈시마 본선,,,,133.7478599,34.56420735,13,0,99704
99705,218,이바라 선,이바라 선,이바라 선,,,,133.5574914,34.61669576,11,0,99705
99706,219,히가시야마 선,히가시야마 선,히가시야마 선,,,,133.9315882,34.66244006,15,0,99706
99707,219,세이키바시 선,세이키바시 선,세이키바시 선,,,,133.9240087,34.6585708,15,0,99707
99708,220,스카이레일 미도리사카 선,스카이레일 미도리사카 선,스카이레일 미도리사카 선,,,,132.593324,34.42745864,15,0,99708
99709,221,아스토라므 라인,아스토라므 라인,아스토라므 라인,,,,132.4335823,34.43909913,12,0,99709
99710,222,히로덴 1 호선 (우지나),히로덴 1 호선,히로덴 1 호선 (우지나),,,,132.4635322,34.38007803,13,0,99710
99711,222,히로덴 2 호선 (미야지마 선),히로덴 2 호선,히로덴 2 호선 (미야지마 선),,,,132.3858272,34.37150722,12,0,99711
99712,222,히로덴 3 호선,히로덴 3 호선,히로덴 3 호선,,,,132.4524421,34.3815225,13,0,99712
99713,222,히로덴 5 호선 (미나미),히로덴 5 호선,히로덴 5 호선 (미나미),,,,132.4676659,34.37814055,13,0,99713
99714,222,히로덴 6 호선 (에나미),히로덴 6 호선,히로덴 6 호선 (에나미),,,,132.454292,34.38857229,14,0,99714
99715,222,히로덴 7 호선,히로덴 7 호선,히로덴 7 호선,,,,132.4528158,34.39504706,14,0,99715
99716,222,히로덴 8 호선 (요코가와),히로덴 8 호선,히로덴 8 호선 (요코가와),,,,132.442765,34.39115629,14,0,99716
99717,222,히로덴 9 호선 (시라시마),히로덴 9 호선,히로덴 9 호선 (시라시마),,,,132.4641667,34.40080872,15,0,99717
99718,223,니시키가와 세류 선,니시키가와 세류 선,니시키가와 세류 선,,,,132.0590467,34.20744595,11,0,99718
99801,224,아사므로토 시사이드 선,아사므로토 시사이드 선,아사므로토 시사이드 선,,,,134.3112574,33.57350417,13,0,99801
99802,225,또 전 코 토 히 라 선,또 전 코 토 히 라 선,또 전 코 토 히 라 선,,,,133.962144,34.26212761,11,0,99802
99803,225,코도덴 나가오 선,코도덴 나가오 선,코도덴 나가오 선,,,,134.0973672,34.30701005,12,0,99803
99804,225,코도덴 시도 선,코도덴 시도 선,코도덴 시도 선,,,,134.1165716,34.34515193,12,0,99804
99805,226,이요 철도 군추 선,이요 철도 군추 선,이요 철도 군추 선,,,,132.7298202,33.80853562,12,0,99805
99806,226,이요 철도 카시마 선,이요 철도 카시마 선,이요 철도 카시마 선,,,,132.7276955,33.86370357,13,0,99806
99807,226,이요 철도 요우코가하라 선,이요 철도 요우코가하라 선,이요 철도 요우코가하라 선,,,,132.8235333,33.81259213,12,0,99807
99808,226,이요 철도 순환 선,이요 철도 순환 선,이요 철도 순환 선,,,,132.7622371,33.84489562,14,0,99808
99809,226,이요 철도 순환 선,이요 철도 순환 선,이요 철도 순환 선,,,,132.7626663,33.84375503,15,0,99809
99810,226,이요 철도 시역 선,이요 철도 시역 선,이요 철도 시역 선,,,,132.7722681,33.84300174,14,0,99810
99811,226,이요 철도 마츠야마 에키마에 선,이요 철도 마츠야마 에키마에 선,이요 철도 마츠야마 에키마에 선,,,,132.7686249,33.84361142,14,0,99811
99812,226,이요 철도 혼마치 선,이요 철도 혼마치 선,이요 철도 혼마치 선,,,,132.7694636,33.8480866,14,0,99812
99814,227,나카무라 선,나카무라 선,나카무라 선,,,,133.0498857,33.09467023,11,0,99814
99815,227,스쿠모 선,스쿠모 선,스쿠모 선,,,,132.8310545,32.96260048,11,0,99815
99816,227,고멘/하나리 선,고멘/하나리 선,고멘/하나리 선,,,,133.8252165,33.51597712,11,0,99816
99817,228,고멘 선,고멘 선,고멘 선,,,,133.5993362,33.56862859,13,0,99817
99818,228,이노 선,이노 선,이노 선,,,,133.4919017,33.55242239,12,0,99818
99819,228,교각 선,교각 선,교각 선,,,,133.5465588,33.55246841,14,0,99819
99901,229,아마기 철도,아마기 철도,아마기 철도,,,,130.5881801,33.41617993,12,0,99901
99902,230,이다 선,이다 선,이다 선,,,,130.7604366,33.70085453,12,0,99902
99903,230,이토다 선,이토다 선,이토다 선,,,,130.7887319,33.65906881,13,0,99903
99904,230,다가와 선,다가와 선,다가와 선,,,,130.9010037,33.66604799,12,0,99904
99928,230,모지코우레토로 관광 선,모지코우레토로 관광 선,모지코우레토로 관광 선,,,,130.9659488,33.95269438,15,0,99904
99905,231,후쿠오카 시영지하철 공항선,후쿠오카 시영지하철 공항선,후쿠오카 시영지하철 공항선,,,,130.3838128,33.59356837,12,0,99905
99906,231,후쿠오카 시영지하철 하코자키 선,후쿠오카 시영지하철 하코자키 선,후쿠오카 시영지하철 하코자키 선,,,,130.4171163,33.61482657,14,0,99906
99907,231,후쿠오카 시영지하철 나나쿠마 선,후쿠오카 시영지하철 나나쿠마 선,후쿠오카 시영지하철 나나쿠마 선,,,,130.3667894,33.5670827,13,0,99907
99908,232,키타큐슈 모노레일,키타큐슈 모노레일,키타큐슈 모노레일,,,,130.8735106,33.8560952,13,0,99908
99909,233,치쿠호 전기 철도선,치쿠호 전기 철도선,치쿠호 전기 철도선,,,,130.7319842,33.824256,12,0,99909
99910,234,서큐슈 선 (아리 타 ~이 마리),서큐슈 선,서큐슈 선 (아리 타 ~이 마리),,,,129.8679219,33.22886097,12,0,99910
99911,234,서큐슈 선 (이 마리 ~ 사세보),서큐슈 선 시마바라 철도,서큐슈 선 (이 마리 ~ 사세보),,,,129.7346398,33.28337205,11,0,99911
99912,235,시마바라 철도,나가사키 덴키 1 계통,시마바라 철도,,,,130.1919946,32.76827488,11,0,99912
99913,236,나가사키 덴키 1 계통,나가사키 덴키 3 계통,나가사키 덴키 1 계통,,,,129.8683887,32.76872904,13,0,99913
99914,236,나가사키 덴키 3 계통,나가사키 덴키 4 계통,나가사키 덴키 3 계통,,,,129.8705408,32.76816252,13,0,99914
99915,236,나가사키 덴키 4 계통,나가사키 덴키 5 계통,나가사키 덴키 4 계통,,,,129.8841648,32.7476046,15,0,99915
99916,236,나가사키 덴키 5 계통,쿠마모토 전철 본선,나가사키 덴키 5 계통,,,,129.8816103,32.74553392,14,0,99916
99917,237,쿠마모토 전철 본선,쿠마모토 전철에 쿠마 모토 선,쿠마모토 전철 본선,,,,130.7298068,32.85062225,13,0,99917
99918,237,쿠마모토 전철에 쿠마 모토 선,다카모리 선,쿠마모토 전철에 쿠마 모토 선,,,,130.709079,32.82357091,14,0,99918
99919,238,다카모리 선,유노마이 선,다카모리 선,,,,131.0451261,32.84393957,12,0,99919
99920,239,유노마이 선,히사츠 오렌지 철도 선,유노마이 선,,,,130.8811357,32.23914364,11,0,99920
99921,240,히사츠 오렌지 철도 선,구마모토 시영전차 A 계통,히사츠 오렌지 철도 선,,,,130.3913727,32.16841797,10,0,99921
99922,241,구마모토 시영전차 A 계통,구마모토 시영전차 B 계통,구마모토 시영전차 A 계통,,,,130.7221101,32.7910422,13,0,99922
99923,241,구마모토 시영전차 B 계통,가고시마 노면전차 1 계통,구마모토 시영전차 B 계통,,,,130.7203426,32.79798979,13,0,99923
99925,242,가고시마 노면전차 1 계통,가고시마 노면전차 2 계통,가고시마 노면전차 1 계통,,,,130.5431422,31.56371049,13,0,99925
99926,242,가고시마 노면전차 2 계통,유이 레일,가고시마 노면전차 2 계통,,,,130.5507184,31.58154362,14,0,99926
99927,243,유이 레일,유이 레일,유이 레일,,,,127.6881091,26.21229379,13,0,99927